volume_id,label,tumour_type,tumour_voxels,tumour_slices,centre_x,centre_y,centre_z,radius_px,has_artefact,scanner_T,split
SYN_0000,0,none,0,0,-1.0,-1.0,-1.0,0.0,0,3.0,train
SYN_0001,1,glioma,1058,5,30.7,35.2,2.8,10.3,1,3.0,val
SYN_0002,0,none,0,0,-1.0,-1.0,-1.0,0.0,1,1.5,train
SYN_0003,1,glioma,739,6,24.7,34.1,2.5,7.9,1,3.0,train
SYN_0004,1,glioma,804,4,35.7,33.2,2.4,8.3,0,3.0,train
SYN_0005,1,glioma,1506,6,30.0,28.1,3.3,10.7,1,1.5,train
SYN_0006,1,pituitary,406,6,32.1,39.1,4.9,5.3,0,3.0,train
SYN_0007,0,none,0,0,-1.0,-1.0,-1.0,0.0,1,3.0,train
SYN_0008,0,none,0,0,-1.0,-1.0,-1.0,0.0,0,3.0,train
SYN_0009,1,pituitary,275,6,32.7,39.1,2.5,4.8,0,1.5,train
SYN_0010,0,none,0,0,-1.0,-1.0,-1.0,0.0,0,1.5,train
SYN_0011,1,pituitary,691,7,31.7,38.7,3.9,6.7,0,1.5,train
SYN_0012,0,none,0,0,-1.0,-1.0,-1.0,0.0,0,1.5,train
SYN_0013,1,glioma,756,6,26.6,41.6,3.4,7.9,1,3.0,test
SYN_0014,0,none,0,0,-1.0,-1.0,-1.0,0.0,1,3.0,train
SYN_0015,1,pituitary,248,5,31.2,36.3,3.2,4.8,1,3.0,val
SYN_0016,0,none,0,0,-1.0,-1.0,-1.0,0.0,0,3.0,train
SYN_0017,0,none,0,0,-1.0,-1.0,-1.0,0.0,1,1.5,val
SYN_0018,1,pituitary,401,6,32.8,40.4,2.4,5.7,1,1.5,train
SYN_0019,0,none,0,0,-1.0,-1.0,-1.0,0.0,1,3.0,val
SYN_0020,1,glioma,1374,5,29.1,31.4,4.2,11.4,0,3.0,test
SYN_0021,1,meningioma,363,6,47.7,29.9,5.0,5.4,0,3.0,val
SYN_0022,0,none,0,0,-1.0,-1.0,-1.0,0.0,0,1.5,train
SYN_0023,1,pituitary,678,7,32.4,37.1,3.7,6.9,1,3.0,train
SYN_0024,0,none,0,0,-1.0,-1.0,-1.0,0.0,1,1.5,train
SYN_0025,1,meningioma,241,5,14.9,27.1,2.2,5.1,0,1.5,test
SYN_0026,0,none,0,0,-1.0,-1.0,-1.0,0.0,1,1.5,test
SYN_0027,0,none,0,0,-1.0,-1.0,-1.0,0.0,1,3.0,train
SYN_0028,1,glioma,961,5,27.4,22.3,4.8,9.8,1,3.0,val
SYN_0029,1,glioma,1086,5,31.7,26.0,2.9,9.0,0,3.0,test
SYN_0030,1,pituitary,337,5,31.0,37.6,3.9,5.9,0,3.0,train
SYN_0031,1,glioma,1610,6,34.6,28.9,3.4,10.7,1,1.5,train
SYN_0032,1,meningioma,841,5,25.3,14.2,3.3,8.8,1,1.5,test
SYN_0033,0,none,0,0,-1.0,-1.0,-1.0,0.0,0,1.5,train
SYN_0034,1,pituitary,237,5,32.5,36.6,5.0,4.7,1,1.5,train
SYN_0035,0,none,0,0,-1.0,-1.0,-1.0,0.0,0,1.5,test
SYN_0036,1,pituitary,548,5,33.9,40.3,5.0,6.9,1,1.5,train
SYN_0037,1,pituitary,289,5,31.9,37.1,3.9,4.9,0,3.0,test
SYN_0038,1,pituitary,273,6,33.3,38.9,4.3,4.6,1,3.0,train
SYN_0039,0,none,0,0,-1.0,-1.0,-1.0,0.0,1,3.0,val
SYN_0040,0,none,0,0,-1.0,-1.0,-1.0,0.0,1,3.0,train
SYN_0041,0,none,0,0,-1.0,-1.0,-1.0,0.0,0,3.0,test
SYN_0042,0,none,0,0,-1.0,-1.0,-1.0,0.0,0,1.5,train
SYN_0043,1,pituitary,381,6,31.8,37.9,2.0,5.4,0,3.0,train
SYN_0044,1,pituitary,412,4,31.6,37.3,4.3,6.5,0,1.5,train
SYN_0045,0,none,0,0,-1.0,-1.0,-1.0,0.0,0,1.5,val
SYN_0046,0,none,0,0,-1.0,-1.0,-1.0,0.0,1,3.0,train
SYN_0047,0,none,0,0,-1.0,-1.0,-1.0,0.0,1,1.5,train
SYN_0048,0,none,0,0,-1.0,-1.0,-1.0,0.0,1,1.5,train
SYN_0049,1,glioma,1404,6,35.5,34.5,4.4,9.6,1,1.5,train
SYN_0050,0,none,0,0,-1.0,-1.0,-1.0,0.0,0,1.5,test
SYN_0051,0,none,0,0,-1.0,-1.0,-1.0,0.0,0,1.5,train
SYN_0052,1,glioma,1211,5,43.2,29.6,3.1,10.8,0,3.0,train
SYN_0053,1,meningioma,800,4,22.1,48.6,3.5,9.0,1,3.0,train
SYN_0054,0,none,0,0,-1.0,-1.0,-1.0,0.0,0,3.0,train
SYN_0055,0,none,0,0,-1.0,-1.0,-1.0,0.0,0,3.0,train
SYN_0056,1,meningioma,535,5,28.1,13.4,4.2,6.9,0,1.5,train
SYN_0057,1,meningioma,751,6,27.6,51.9,4.6,8.7,1,3.0,test
SYN_0058,1,meningioma,845,5,45.5,44.8,3.9,9.4,0,3.0,val
SYN_0059,1,glioma,607,6,43.0,38.6,2.3,6.1,1,3.0,train
SYN_0060,1,pituitary,449,6,32.6,36.4,2.3,5.5,1,1.5,train
SYN_0061,1,glioma,568,6,20.4,26.8,2.6,7.4,0,1.5,test
SYN_0062,0,none,0,0,-1.0,-1.0,-1.0,0.0,0,1.5,train
SYN_0063,1,glioma,814,6,40.2,30.2,2.4,8.4,1,3.0,val
SYN_0064,0,none,0,0,-1.0,-1.0,-1.0,0.0,1,1.5,val
SYN_0065,1,glioma,1008,4,41.6,30.6,3.5,9.6,0,3.0,train
SYN_0066,1,meningioma,891,6,19.8,16.9,3.9,8.6,0,3.0,val
SYN_0067,0,none,0,0,-1.0,-1.0,-1.0,0.0,1,3.0,train
SYN_0068,0,none,0,0,-1.0,-1.0,-1.0,0.0,0,3.0,val
SYN_0069,0,none,0,0,-1.0,-1.0,-1.0,0.0,1,1.5,train
SYN_0070,1,glioma,797,5,28.2,21.5,3.4,8.3,0,3.0,train
SYN_0071,1,meningioma,1092,6,42.6,48.8,3.4,9.2,1,3.0,test
SYN_0072,0,none,0,0,-1.0,-1.0,-1.0,0.0,1,3.0,train
SYN_0073,0,none,0,0,-1.0,-1.0,-1.0,0.0,0,1.5,test
SYN_0074,0,none,0,0,-1.0,-1.0,-1.0,0.0,1,1.5,test
SYN_0075,1,glioma,602,5,26.7,42.4,4.0,7.3,1,1.5,train
SYN_0076,0,none,0,0,-1.0,-1.0,-1.0,0.0,0,1.5,train
SYN_0077,1,glioma,833,6,32.9,26.7,3.7,7.6,1,1.5,test
SYN_0078,0,none,0,0,-1.0,-1.0,-1.0,0.0,0,3.0,train
SYN_0079,1,meningioma,737,6,48.0,31.3,2.5,7.4,0,1.5,train
SYN_0080,0,none,0,0,-1.0,-1.0,-1.0,0.0,1,1.5,train
SYN_0081,0,none,0,0,-1.0,-1.0,-1.0,0.0,0,1.5,train
SYN_0082,0,none,0,0,-1.0,-1.0,-1.0,0.0,1,1.5,train
SYN_0083,0,none,0,0,-1.0,-1.0,-1.0,0.0,0,1.5,test
SYN_0084,0,none,0,0,-1.0,-1.0,-1.0,0.0,0,3.0,train
SYN_0085,1,glioma,1095,5,27.6,40.8,5.0,11.3,1,3.0,val
SYN_0086,0,none,0,0,-1.0,-1.0,-1.0,0.0,0,1.5,train
SYN_0087,1,pituitary,327,6,32.9,36.3,4.4,4.9,0,1.5,train
SYN_0088,1,glioma,1558,5,27.6,23.0,3.6,11.4,1,1.5,train
SYN_0089,1,pituitary,350,6,31.8,38.9,5.0,5.2,0,1.5,train
SYN_0090,0,none,0,0,-1.0,-1.0,-1.0,0.0,1,3.0,test
SYN_0091,0,none,0,0,-1.0,-1.0,-1.0,0.0,0,1.5,train
SYN_0092,1,pituitary,452,5,31.9,40.6,3.7,6.6,0,3.0,test
SYN_0093,1,meningioma,788,6,49.2,30.8,4.6,7.7,0,3.0,test
SYN_0094,1,meningioma,428,7,22.5,47.2,2.7,5.6,0,1.5,train
SYN_0095,1,glioma,1446,6,26.4,30.2,3.3,10.3,1,3.0,train
SYN_0096,1,meningioma,339,5,38.5,48.6,3.7,5.6,0,3.0,train
SYN_0097,1,glioma,1743,6,36.5,31.0,2.4,11.2,0,3.0,train
SYN_0098,1,glioma,835,6,29.4,33.4,3.2,8.1,1,3.0,test
SYN_0099,1,glioma,1039,5,35.2,22.0,2.3,10.3,1,1.5,train
SYN_0100,0,none,0,0,-1.0,-1.0,-1.0,0.0,1,1.5,train
SYN_0101,1,pituitary,533,6,31.4,37.5,2.6,6.1,1,1.5,val
SYN_0102,1,glioma,2016,7,28.2,26.6,2.6,11.1,1,3.0,train
SYN_0103,0,none,0,0,-1.0,-1.0,-1.0,0.0,0,1.5,train
SYN_0104,1,glioma,1100,5,31.1,23.4,2.1,9.9,1,3.0,test
SYN_0105,0,none,0,0,-1.0,-1.0,-1.0,0.0,0,1.5,train
SYN_0106,0,none,0,0,-1.0,-1.0,-1.0,0.0,0,1.5,train
SYN_0107,0,none,0,0,-1.0,-1.0,-1.0,0.0,1,3.0,train
SYN_0108,1,glioma,1192,6,24.3,29.3,3.7,9.6,1,1.5,train
SYN_0109,1,pituitary,426,5,30.7,39.7,3.3,6.4,0,1.5,train
SYN_0110,1,glioma,1197,5,28.1,31.3,4.0,10.5,1,3.0,train
SYN_0111,1,meningioma,252,5,31.1,52.2,3.8,5.0,0,1.5,val
SYN_0112,0,none,0,0,-1.0,-1.0,-1.0,0.0,1,3.0,val
SYN_0113,0,none,0,0,-1.0,-1.0,-1.0,0.0,0,1.5,test
SYN_0114,0,none,0,0,-1.0,-1.0,-1.0,0.0,0,3.0,train
SYN_0115,0,none,0,0,-1.0,-1.0,-1.0,0.0,1,1.5,train
SYN_0116,0,none,0,0,-1.0,-1.0,-1.0,0.0,1,1.5,train
SYN_0117,1,meningioma,912,6,49.3,30.9,4.4,9.2,0,1.5,train
SYN_0118,0,none,0,0,-1.0,-1.0,-1.0,0.0,0,3.0,train
SYN_0119,0,none,0,0,-1.0,-1.0,-1.0,0.0,1,3.0,train
SYN_0120,0,none,0,0,-1.0,-1.0,-1.0,0.0,0,3.0,val
SYN_0121,1,meningioma,644,5,18.5,42.6,3.1,7.3,1,1.5,train
SYN_0122,1,glioma,1106,5,32.8,35.4,4.1,9.9,0,1.5,train
SYN_0123,0,none,0,0,-1.0,-1.0,-1.0,0.0,1,3.0,train
SYN_0124,1,meningioma,893,6,33.3,12.1,3.3,8.8,1,3.0,train
SYN_0125,0,none,0,0,-1.0,-1.0,-1.0,0.0,1,1.5,train
SYN_0126,0,none,0,0,-1.0,-1.0,-1.0,0.0,0,3.0,val
SYN_0127,0,none,0,0,-1.0,-1.0,-1.0,0.0,1,1.5,test
SYN_0128,0,none,0,0,-1.0,-1.0,-1.0,0.0,0,3.0,train
SYN_0129,0,none,0,0,-1.0,-1.0,-1.0,0.0,0,3.0,train
SYN_0130,0,none,0,0,-1.0,-1.0,-1.0,0.0,0,3.0,test
SYN_0131,0,none,0,0,-1.0,-1.0,-1.0,0.0,1,1.5,train
SYN_0132,0,none,0,0,-1.0,-1.0,-1.0,0.0,0,3.0,train
SYN_0133,0,none,0,0,-1.0,-1.0,-1.0,0.0,0,3.0,train
SYN_0134,0,none,0,0,-1.0,-1.0,-1.0,0.0,0,3.0,train
SYN_0135,0,none,0,0,-1.0,-1.0,-1.0,0.0,1,1.5,train
SYN_0136,0,none,0,0,-1.0,-1.0,-1.0,0.0,1,1.5,train
SYN_0137,0,none,0,0,-1.0,-1.0,-1.0,0.0,1,1.5,train
SYN_0138,0,none,0,0,-1.0,-1.0,-1.0,0.0,0,1.5,train
SYN_0139,1,meningioma,604,6,34.6,11.5,3.5,7.6,1,3.0,val
SYN_0140,1,glioma,630,4,30.4,41.9,2.5,7.6,1,1.5,val
SYN_0141,1,glioma,1369,7,30.7,27.7,3.4,9.9,0,3.0,val
SYN_0142,0,none,0,0,-1.0,-1.0,-1.0,0.0,1,1.5,train
SYN_0143,1,glioma,810,6,35.2,30.9,3.1,7.4,0,1.5,train
SYN_0144,0,none,0,0,-1.0,-1.0,-1.0,0.0,0,3.0,train
SYN_0145,1,pituitary,403,6,31.9,36.6,3.7,5.7,0,3.0,train
SYN_0146,0,none,0,0,-1.0,-1.0,-1.0,0.0,1,1.5,train
SYN_0147,1,meningioma,362,4,39.0,16.3,4.6,5.9,0,3.0,train
SYN_0148,0,none,0,0,-1.0,-1.0,-1.0,0.0,0,1.5,train
SYN_0149,1,meningioma,774,6,14.5,36.1,4.9,8.1,0,1.5,train
SYN_0150,1,glioma,1324,5,29.4,34.5,4.6,10.7,0,3.0,train
SYN_0151,1,glioma,1667,5,23.3,36.3,5.0,11.1,0,1.5,train
SYN_0152,0,none,0,0,-1.0,-1.0,-1.0,0.0,1,1.5,train
SYN_0153,0,none,0,0,-1.0,-1.0,-1.0,0.0,1,1.5,test
SYN_0154,1,meningioma,390,4,28.1,50.6,4.5,6.2,0,1.5,train
SYN_0155,0,none,0,0,-1.0,-1.0,-1.0,0.0,0,3.0,train
SYN_0156,1,glioma,1103,7,40.1,33.5,3.2,8.5,0,1.5,train
SYN_0157,1,pituitary,441,6,32.5,38.3,2.1,5.8,0,1.5,train
SYN_0158,0,none,0,0,-1.0,-1.0,-1.0,0.0,1,1.5,train
SYN_0159,0,none,0,0,-1.0,-1.0,-1.0,0.0,0,3.0,train
SYN_0160,0,none,0,0,-1.0,-1.0,-1.0,0.0,0,3.0,train
SYN_0161,1,glioma,1345,6,31.6,35.1,2.2,9.7,0,1.5,val
SYN_0162,1,glioma,1526,6,38.5,25.0,4.5,11.1,1,3.0,train
SYN_0163,1,pituitary,259,6,32.1,38.4,2.9,4.5,0,3.0,train
SYN_0164,0,none,0,0,-1.0,-1.0,-1.0,0.0,1,3.0,test
SYN_0165,0,none,0,0,-1.0,-1.0,-1.0,0.0,1,1.5,val
SYN_0166,0,none,0,0,-1.0,-1.0,-1.0,0.0,0,1.5,train
SYN_0167,0,none,0,0,-1.0,-1.0,-1.0,0.0,1,3.0,test
SYN_0168,0,none,0,0,-1.0,-1.0,-1.0,0.0,0,1.5,val
SYN_0169,1,pituitary,301,6,31.9,38.0,2.1,4.9,0,1.5,train
SYN_0170,0,none,0,0,-1.0,-1.0,-1.0,0.0,1,3.0,train
SYN_0171,1,meningioma,261,4,21.2,18.6,3.3,5.0,0,1.5,train
SYN_0172,0,none,0,0,-1.0,-1.0,-1.0,0.0,0,1.5,train
SYN_0173,0,none,0,0,-1.0,-1.0,-1.0,0.0,1,3.0,val
SYN_0174,0,none,0,0,-1.0,-1.0,-1.0,0.0,1,1.5,train
SYN_0175,1,meningioma,371,5,22.8,16.8,5.0,5.9,0,1.5,test
SYN_0176,0,none,0,0,-1.0,-1.0,-1.0,0.0,1,3.0,train
SYN_0177,0,none,0,0,-1.0,-1.0,-1.0,0.0,0,3.0,train
SYN_0178,1,pituitary,547,7,32.2,39.7,2.8,6.1,0,3.0,val
SYN_0179,0,none,0,0,-1.0,-1.0,-1.0,0.0,1,1.5,train
SYN_0180,1,glioma,659,7,35.9,32.1,3.7,6.6,1,3.0,train
SYN_0181,0,none,0,0,-1.0,-1.0,-1.0,0.0,1,3.0,train
SYN_0182,0,none,0,0,-1.0,-1.0,-1.0,0.0,0,1.5,val
SYN_0183,0,none,0,0,-1.0,-1.0,-1.0,0.0,0,1.5,train
SYN_0184,0,none,0,0,-1.0,-1.0,-1.0,0.0,1,1.5,train
SYN_0185,0,none,0,0,-1.0,-1.0,-1.0,0.0,1,3.0,train
SYN_0186,0,none,0,0,-1.0,-1.0,-1.0,0.0,1,1.5,test
SYN_0187,1,meningioma,342,6,34.8,51.9,2.3,5.1,1,3.0,train
SYN_0188,0,none,0,0,-1.0,-1.0,-1.0,0.0,1,3.0,train
SYN_0189,1,pituitary,358,6,31.2,39.0,2.7,5.4,1,3.0,train
SYN_0190,0,none,0,0,-1.0,-1.0,-1.0,0.0,0,1.5,val
SYN_0191,1,pituitary,520,5,32.2,36.4,2.9,6.6,1,3.0,test
SYN_0192,1,meningioma,359,6,35.4,50.7,4.6,5.4,0,1.5,train
SYN_0193,1,glioma,456,5,34.6,34.6,3.3,6.8,1,3.0,train
SYN_0194,1,meningioma,789,4,48.3,41.2,3.4,9.1,0,1.5,train
SYN_0195,1,meningioma,743,4,30.7,14.4,2.5,8.8,0,1.5,train
SYN_0196,1,pituitary,304,6,33.1,37.4,3.4,5.0,0,1.5,val
SYN_0197,1,glioma,1181,5,21.2,34.5,3.2,10.6,1,1.5,test
SYN_0198,0,none,0,0,-1.0,-1.0,-1.0,0.0,0,1.5,train
SYN_0199,1,meningioma,432,6,41.9,49.0,2.1,6.1,0,1.5,test
SYN_0200,0,none,0,0,-1.0,-1.0,-1.0,0.0,1,3.0,train
SYN_0201,1,meningioma,606,5,46.3,44.1,3.1,7.8,0,1.5,train
SYN_0202,0,none,0,0,-1.0,-1.0,-1.0,0.0,0,3.0,train
SYN_0203,0,none,0,0,-1.0,-1.0,-1.0,0.0,0,1.5,test
SYN_0204,0,none,0,0,-1.0,-1.0,-1.0,0.0,0,1.5,val
SYN_0205,0,none,0,0,-1.0,-1.0,-1.0,0.0,1,3.0,train
SYN_0206,0,none,0,0,-1.0,-1.0,-1.0,0.0,0,3.0,train
SYN_0207,1,meningioma,937,5,17.7,38.6,4.3,8.9,1,1.5,train
SYN_0208,1,glioma,1323,6,34.9,18.4,2.3,10.0,1,1.5,train
SYN_0209,1,glioma,1461,6,30.1,18.0,4.9,10.4,0,1.5,train
SYN_0210,0,none,0,0,-1.0,-1.0,-1.0,0.0,0,3.0,train
SYN_0211,1,pituitary,593,6,31.5,37.1,4.7,6.7,1,1.5,train
SYN_0212,0,none,0,0,-1.0,-1.0,-1.0,0.0,1,3.0,test
SYN_0213,1,glioma,503,5,27.8,33.0,3.7,6.3,0,1.5,train
SYN_0214,0,none,0,0,-1.0,-1.0,-1.0,0.0,0,1.5,train
SYN_0215,1,glioma,1070,6,37.2,32.3,2.5,9.2,1,3.0,train
SYN_0216,1,glioma,1878,7,36.0,34.1,3.9,10.7,1,1.5,test
SYN_0217,1,meningioma,1142,6,16.8,39.2,3.2,9.7,1,3.0,train
SYN_0218,1,glioma,528,4,35.2,29.1,2.5,6.7,1,1.5,val
SYN_0219,1,meningioma,520,5,18.2,44.9,2.7,6.9,1,3.0,train
SYN_0220,1,pituitary,396,5,31.9,39.5,3.9,6.0,1,1.5,train
SYN_0221,1,meningioma,455,5,16.6,23.3,3.1,6.3,1,3.0,train
SYN_0222,0,none,0,0,-1.0,-1.0,-1.0,0.0,0,1.5,train
SYN_0223,1,glioma,1105,6,39.0,30.0,4.6,8.8,0,3.0,train
SYN_0224,0,none,0,0,-1.0,-1.0,-1.0,0.0,1,1.5,val
SYN_0225,0,none,0,0,-1.0,-1.0,-1.0,0.0,0,1.5,val
SYN_0226,0,none,0,0,-1.0,-1.0,-1.0,0.0,1,1.5,train
SYN_0227,0,none,0,0,-1.0,-1.0,-1.0,0.0,0,1.5,train
SYN_0228,0,none,0,0,-1.0,-1.0,-1.0,0.0,0,3.0,train
SYN_0229,0,none,0,0,-1.0,-1.0,-1.0,0.0,1,3.0,train
SYN_0230,1,meningioma,847,6,39.5,50.8,2.7,8.6,0,3.0,train
SYN_0231,0,none,0,0,-1.0,-1.0,-1.0,0.0,1,3.0,train
SYN_0232,1,pituitary,271,5,32.1,38.3,4.9,4.7,0,1.5,train
SYN_0233,0,none,0,0,-1.0,-1.0,-1.0,0.0,0,3.0,test
SYN_0234,0,none,0,0,-1.0,-1.0,-1.0,0.0,0,3.0,test
SYN_0235,1,meningioma,433,6,46.3,39.4,3.3,5.6,0,3.0,train
SYN_0236,0,none,0,0,-1.0,-1.0,-1.0,0.0,1,3.0,val
SYN_0237,0,none,0,0,-1.0,-1.0,-1.0,0.0,0,3.0,test
SYN_0238,1,glioma,886,7,33.9,23.2,4.5,7.9,1,3.0,val
SYN_0239,0,none,0,0,-1.0,-1.0,-1.0,0.0,1,3.0,train
SYN_0240,1,meningioma,389,5,47.5,35.2,4.0,6.6,0,1.5,train
SYN_0241,1,pituitary,395,5,31.0,38.6,4.8,5.7,1,3.0,train
SYN_0242,1,meningioma,588,5,17.6,42.5,3.1,7.8,0,3.0,train
SYN_0243,1,glioma,792,6,37.4,25.2,3.6,7.6,0,3.0,train
SYN_0244,0,none,0,0,-1.0,-1.0,-1.0,0.0,0,1.5,train
SYN_0245,1,meningioma,775,6,26.5,13.9,2.6,8.4,1,3.0,train
SYN_0246,1,meningioma,818,5,36.1,15.2,4.0,9.0,0,3.0,train
SYN_0247,1,glioma,1335,5,29.6,41.3,2.1,11.5,0,1.5,val
SYN_0248,0,none,0,0,-1.0,-1.0,-1.0,0.0,0,1.5,train
SYN_0249,1,glioma,777,5,26.2,29.1,4.4,8.7,0,3.0,train
SYN_0250,0,none,0,0,-1.0,-1.0,-1.0,0.0,1,1.5,train
SYN_0251,0,none,0,0,-1.0,-1.0,-1.0,0.0,1,3.0,test
SYN_0252,1,meningioma,948,5,19.9,45.6,4.3,9.6,1,3.0,train
SYN_0253,0,none,0,0,-1.0,-1.0,-1.0,0.0,0,1.5,train
SYN_0254,1,meningioma,966,7,40.9,16.7,2.9,8.3,0,3.0,train
SYN_0255,0,none,0,0,-1.0,-1.0,-1.0,0.0,0,3.0,train
SYN_0256,1,glioma,920,5,26.1,19.6,4.2,9.9,0,1.5,train
SYN_0257,0,none,0,0,-1.0,-1.0,-1.0,0.0,0,3.0,train
SYN_0258,1,pituitary,255,4,32.5,39.0,4.4,5.1,0,1.5,train
SYN_0259,1,pituitary,362,6,33.3,38.9,2.2,5.3,1,1.5,train
SYN_0260,0,none,0,0,-1.0,-1.0,-1.0,0.0,0,3.0,train
SYN_0261,1,glioma,1308,5,36.8,42.7,4.7,11.2,0,1.5,train
SYN_0262,0,none,0,0,-1.0,-1.0,-1.0,0.0,1,1.5,val
SYN_0263,0,none,0,0,-1.0,-1.0,-1.0,0.0,1,3.0,train
SYN_0264,0,none,0,0,-1.0,-1.0,-1.0,0.0,0,3.0,test
SYN_0265,1,meningioma,972,6,38.8,48.9,4.4,8.7,1,1.5,test
SYN_0266,1,meningioma,421,5,32.6,14.7,3.1,5.9,0,3.0,train
SYN_0267,1,pituitary,293,6,31.0,38.1,3.2,4.8,0,1.5,train
SYN_0268,0,none,0,0,-1.0,-1.0,-1.0,0.0,1,3.0,test
SYN_0269,1,glioma,605,4,30.0,28.1,4.6,8.2,1,3.0,val
SYN_0270,1,pituitary,262,6,31.8,39.0,4.4,4.8,1,3.0,train
SYN_0271,0,none,0,0,-1.0,-1.0,-1.0,0.0,0,1.5,train
SYN_0272,0,none,0,0,-1.0,-1.0,-1.0,0.0,1,1.5,train
SYN_0273,1,meningioma,471,5,45.1,20.0,5.0,6.7,1,1.5,train
SYN_0274,0,none,0,0,-1.0,-1.0,-1.0,0.0,0,3.0,train
SYN_0275,0,none,0,0,-1.0,-1.0,-1.0,0.0,0,1.5,train
SYN_0276,1,pituitary,388,6,31.2,37.6,4.6,5.8,1,3.0,train
SYN_0277,1,pituitary,274,6,32.0,38.5,2.7,4.7,1,1.5,test
SYN_0278,0,none,0,0,-1.0,-1.0,-1.0,0.0,1,1.5,train
SYN_0279,0,none,0,0,-1.0,-1.0,-1.0,0.0,0,1.5,train
SYN_0280,0,none,0,0,-1.0,-1.0,-1.0,0.0,1,3.0,train
SYN_0281,1,meningioma,482,7,35.5,49.9,4.0,5.8,1,1.5,train
SYN_0282,0,none,0,0,-1.0,-1.0,-1.0,0.0,1,1.5,train
SYN_0283,1,glioma,421,6,33.5,35.1,2.7,6.1,1,1.5,train
SYN_0284,0,none,0,0,-1.0,-1.0,-1.0,0.0,1,1.5,train
SYN_0285,1,meningioma,1169,7,36.3,51.1,4.4,9.8,1,3.0,train
SYN_0286,0,none,0,0,-1.0,-1.0,-1.0,0.0,0,3.0,train
SYN_0287,0,none,0,0,-1.0,-1.0,-1.0,0.0,0,3.0,train
SYN_0288,1,glioma,1890,7,41.6,29.9,2.8,11.6,0,3.0,test
SYN_0289,0,none,0,0,-1.0,-1.0,-1.0,0.0,1,1.5,train
SYN_0290,0,none,0,0,-1.0,-1.0,-1.0,0.0,1,3.0,train
SYN_0291,1,glioma,692,5,27.2,25.1,4.9,8.0,0,1.5,train
SYN_0292,0,none,0,0,-1.0,-1.0,-1.0,0.0,0,1.5,train
SYN_0293,0,none,0,0,-1.0,-1.0,-1.0,0.0,1,1.5,train
SYN_0294,1,glioma,1156,5,29.0,35.0,2.8,9.6,0,3.0,train
SYN_0295,0,none,0,0,-1.0,-1.0,-1.0,0.0,1,1.5,test
SYN_0296,0,none,0,0,-1.0,-1.0,-1.0,0.0,1,3.0,train
SYN_0297,0,none,0,0,-1.0,-1.0,-1.0,0.0,0,1.5,train
SYN_0298,0,none,0,0,-1.0,-1.0,-1.0,0.0,1,3.0,test
SYN_0299,0,none,0,0,-1.0,-1.0,-1.0,0.0,1,3.0,val
SYN_0300,0,none,0,0,-1.0,-1.0,-1.0,0.0,1,1.5,test
SYN_0301,1,pituitary,318,5,31.1,39.0,2.9,5.1,0,3.0,test
SYN_0302,0,none,0,0,-1.0,-1.0,-1.0,0.0,0,1.5,val
SYN_0303,0,none,0,0,-1.0,-1.0,-1.0,0.0,0,1.5,train
SYN_0304,1,meningioma,445,6,40.8,15.5,2.1,6.0,0,1.5,val
SYN_0305,1,glioma,803,7,43.1,31.3,3.8,8.0,0,3.0,test
SYN_0306,1,meningioma,1008,5,48.1,37.2,3.2,9.7,1,1.5,val
SYN_0307,0,none,0,0,-1.0,-1.0,-1.0,0.0,1,3.0,val
SYN_0308,0,none,0,0,-1.0,-1.0,-1.0,0.0,0,1.5,train
SYN_0309,0,none,0,0,-1.0,-1.0,-1.0,0.0,1,1.5,train
SYN_0310,0,none,0,0,-1.0,-1.0,-1.0,0.0,0,1.5,train
SYN_0311,1,glioma,1121,4,27.5,28.7,3.4,10.2,0,3.0,train
SYN_0312,1,meningioma,407,5,46.9,41.7,3.0,5.7,1,3.0,test
SYN_0313,1,glioma,869,5,28.9,33.6,3.0,8.2,1,1.5,train
SYN_0314,0,none,0,0,-1.0,-1.0,-1.0,0.0,1,1.5,train
SYN_0315,1,meningioma,337,5,49.7,34.2,4.8,5.8,0,1.5,train
SYN_0316,1,meningioma,586,5,42.0,15.6,2.8,7.7,1,1.5,train
SYN_0317,1,glioma,836,7,28.3,30.5,4.0,7.4,1,3.0,test
SYN_0318,1,meningioma,818,6,24.2,14.1,3.3,8.2,1,1.5,train
SYN_0319,1,glioma,709,5,37.6,36.8,2.9,8.3,0,1.5,train
SYN_0320,0,none,0,0,-1.0,-1.0,-1.0,0.0,0,1.5,train
SYN_0321,1,glioma,1441,6,41.3,36.5,2.2,10.2,1,3.0,train
SYN_0322,0,none,0,0,-1.0,-1.0,-1.0,0.0,0,3.0,train
SYN_0323,0,none,0,0,-1.0,-1.0,-1.0,0.0,1,1.5,val
SYN_0324,1,meningioma,842,6,21.5,46.0,2.0,8.4,1,1.5,train
SYN_0325,1,glioma,596,5,39.8,28.3,2.7,7.5,1,3.0,train
SYN_0326,0,none,0,0,-1.0,-1.0,-1.0,0.0,0,1.5,train
SYN_0327,1,meningioma,631,5,42.7,48.8,4.1,7.3,0,3.0,train
SYN_0328,0,none,0,0,-1.0,-1.0,-1.0,0.0,0,3.0,train
SYN_0329,0,none,0,0,-1.0,-1.0,-1.0,0.0,0,1.5,train
SYN_0330,1,glioma,1191,7,21.3,26.7,4.2,9.5,1,1.5,train
SYN_0331,1,glioma,742,6,25.7,32.2,2.6,8.4,0,1.5,val
SYN_0332,1,pituitary,553,6,31.8,36.3,4.7,6.5,1,1.5,train
SYN_0333,0,none,0,0,-1.0,-1.0,-1.0,0.0,0,3.0,val
SYN_0334,1,pituitary,454,6,33.0,36.9,3.7,5.7,1,1.5,train
SYN_0335,0,none,0,0,-1.0,-1.0,-1.0,0.0,1,1.5,val
SYN_0336,0,none,0,0,-1.0,-1.0,-1.0,0.0,0,3.0,train
SYN_0337,0,none,0,0,-1.0,-1.0,-1.0,0.0,0,1.5,train
SYN_0338,1,glioma,520,6,27.7,24.6,3.9,6.2,0,3.0,train
SYN_0339,1,meningioma,718,6,27.6,49.5,4.8,7.7,1,1.5,val
SYN_0340,1,glioma,1134,7,37.9,34.7,4.0,9.0,0,1.5,train
SYN_0341,1,pituitary,265,5,31.8,37.3,2.1,5.1,1,1.5,val
SYN_0342,1,glioma,1354,5,37.5,31.3,2.2,11.1,0,3.0,train
SYN_0343,1,meningioma,678,5,25.9,13.3,4.2,8.2,1,1.5,train
SYN_0344,1,pituitary,320,7,33.0,37.0,2.8,4.7,0,1.5,train
SYN_0345,0,none,0,0,-1.0,-1.0,-1.0,0.0,0,3.0,train
SYN_0346,0,none,0,0,-1.0,-1.0,-1.0,0.0,0,3.0,test
SYN_0347,1,glioma,625,5,34.8,32.2,3.1,8.0,0,1.5,val
SYN_0348,0,none,0,0,-1.0,-1.0,-1.0,0.0,0,1.5,train
SYN_0349,0,none,0,0,-1.0,-1.0,-1.0,0.0,1,3.0,train
SYN_0350,1,glioma,870,5,27.9,28.3,2.9,9.5,0,1.5,train
SYN_0351,0,none,0,0,-1.0,-1.0,-1.0,0.0,1,3.0,test
SYN_0352,1,meningioma,960,5,28.6,13.6,4.3,9.2,0,1.5,train
SYN_0353,1,meningioma,408,7,26.1,14.9,4.2,5.4,0,3.0,test
SYN_0354,0,none,0,0,-1.0,-1.0,-1.0,0.0,1,3.0,train
SYN_0355,0,none,0,0,-1.0,-1.0,-1.0,0.0,1,3.0,train
SYN_0356,1,glioma,510,6,19.9,35.3,3.9,6.6,0,3.0,train
SYN_0357,1,glioma,1356,7,40.6,24.1,3.1,9.2,1,3.0,train
SYN_0358,0,none,0,0,-1.0,-1.0,-1.0,0.0,0,3.0,train
SYN_0359,0,none,0,0,-1.0,-1.0,-1.0,0.0,0,3.0,train
SYN_0360,0,none,0,0,-1.0,-1.0,-1.0,0.0,0,1.5,train
SYN_0361,0,none,0,0,-1.0,-1.0,-1.0,0.0,0,3.0,train
SYN_0362,0,none,0,0,-1.0,-1.0,-1.0,0.0,1,1.5,train
SYN_0363,1,glioma,1611,5,37.2,28.7,3.7,11.8,0,3.0,train
SYN_0364,0,none,0,0,-1.0,-1.0,-1.0,0.0,1,3.0,train
SYN_0365,1,pituitary,278,5,31.8,37.2,4.1,5.2,0,1.5,train
SYN_0366,1,meningioma,889,5,41.2,16.6,4.4,9.6,1,1.5,test
SYN_0367,1,meningioma,1062,6,18.9,44.0,2.8,9.6,1,3.0,val
SYN_0368,0,none,0,0,-1.0,-1.0,-1.0,0.0,0,3.0,train
SYN_0369,0,none,0,0,-1.0,-1.0,-1.0,0.0,0,3.0,train
SYN_0370,1,glioma,1072,7,38.6,21.0,3.4,8.4,0,1.5,train
SYN_0371,1,glioma,802,6,27.9,32.6,2.1,8.0,0,3.0,train
SYN_0372,1,glioma,1102,6,32.2,36.0,2.2,8.0,0,1.5,train
SYN_0373,0,none,0,0,-1.0,-1.0,-1.0,0.0,0,3.0,test
SYN_0374,0,none,0,0,-1.0,-1.0,-1.0,0.0,0,1.5,train
SYN_0375,0,none,0,0,-1.0,-1.0,-1.0,0.0,1,3.0,train
SYN_0376,0,none,0,0,-1.0,-1.0,-1.0,0.0,0,3.0,train
SYN_0377,0,none,0,0,-1.0,-1.0,-1.0,0.0,0,3.0,train
SYN_0378,0,none,0,0,-1.0,-1.0,-1.0,0.0,1,1.5,train
SYN_0379,1,meningioma,387,6,25.7,13.2,4.7,5.9,0,1.5,val
SYN_0380,0,none,0,0,-1.0,-1.0,-1.0,0.0,1,1.5,test
SYN_0381,0,none,0,0,-1.0,-1.0,-1.0,0.0,1,3.0,train
SYN_0382,0,none,0,0,-1.0,-1.0,-1.0,0.0,1,3.0,train
SYN_0383,1,glioma,719,4,30.3,34.6,2.5,8.3,1,1.5,train
SYN_0384,1,glioma,1067,5,43.6,30.4,3.3,10.0,0,1.5,train
SYN_0385,0,none,0,0,-1.0,-1.0,-1.0,0.0,1,1.5,train
SYN_0386,1,glioma,1099,6,30.2,36.7,2.2,8.8,0,3.0,train
SYN_0387,0,none,0,0,-1.0,-1.0,-1.0,0.0,1,3.0,train
SYN_0388,1,glioma,721,7,22.6,29.4,2.9,6.8,0,1.5,train
SYN_0389,1,glioma,1098,7,26.2,27.0,4.0,8.5,1,1.5,train
SYN_0390,1,glioma,2315,6,36.1,23.8,2.2,11.9,0,3.0,train
SYN_0391,0,none,0,0,-1.0,-1.0,-1.0,0.0,1,1.5,train
SYN_0392,0,none,0,0,-1.0,-1.0,-1.0,0.0,1,3.0,train
SYN_0393,1,meningioma,757,5,40.2,46.8,4.0,8.1,1,1.5,train
SYN_0394,1,glioma,1700,7,25.8,31.4,2.7,10.8,0,1.5,train
SYN_0395,1,meningioma,374,5,50.0,32.9,3.0,5.7,1,1.5,val
SYN_0396,1,meningioma,951,7,17.8,20.0,2.7,8.7,1,1.5,val
SYN_0397,1,meningioma,1374,7,27.5,13.9,4.0,9.9,1,3.0,val
SYN_0398,0,none,0,0,-1.0,-1.0,-1.0,0.0,0,1.5,train
SYN_0399,0,none,0,0,-1.0,-1.0,-1.0,0.0,0,3.0,val
SYN_0400,0,none,0,0,-1.0,-1.0,-1.0,0.0,1,3.0,test
SYN_0401,0,none,0,0,-1.0,-1.0,-1.0,0.0,0,3.0,train
SYN_0402,0,none,0,0,-1.0,-1.0,-1.0,0.0,0,1.5,train
SYN_0403,1,glioma,1833,6,34.2,43.9,3.8,11.8,1,3.0,train
SYN_0404,1,pituitary,317,5,31.6,36.5,4.0,5.1,1,3.0,train
SYN_0405,0,none,0,0,-1.0,-1.0,-1.0,0.0,1,3.0,val
SYN_0406,1,meningioma,259,5,38.8,47.6,3.7,5.1,1,1.5,train
SYN_0407,1,glioma,581,5,26.7,37.0,3.9,6.7,0,3.0,train
SYN_0408,0,none,0,0,-1.0,-1.0,-1.0,0.0,1,3.0,test
SYN_0409,1,pituitary,481,6,32.9,39.7,2.4,5.9,0,3.0,val
SYN_0410,0,none,0,0,-1.0,-1.0,-1.0,0.0,0,1.5,test
SYN_0411,1,glioma,1840,6,30.5,34.9,4.7,11.6,0,1.5,train
SYN_0412,1,meningioma,581,5,43.3,47.6,3.2,8.1,0,1.5,train
SYN_0413,1,glioma,432,6,22.2,33.8,4.6,6.2,1,3.0,train
SYN_0414,0,none,0,0,-1.0,-1.0,-1.0,0.0,0,1.5,train
SYN_0415,1,glioma,474,6,31.6,27.9,2.8,6.5,1,1.5,train
SYN_0416,1,pituitary,488,5,31.6,39.4,2.9,7.0,0,1.5,val
SYN_0417,0,none,0,0,-1.0,-1.0,-1.0,0.0,1,3.0,val
SYN_0418,1,meningioma,1063,6,18.6,22.5,3.5,8.8,0,1.5,train
SYN_0419,1,glioma,635,4,25.1,27.8,3.3,9.0,0,3.0,train
SYN_0420,0,none,0,0,-1.0,-1.0,-1.0,0.0,1,1.5,train
SYN_0421,1,glioma,675,5,35.7,38.0,2.6,8.1,1,1.5,train
SYN_0422,1,meningioma,817,5,34.4,12.2,2.6,8.7,0,1.5,train
SYN_0423,1,pituitary,338,6,32.6,36.5,4.4,5.1,1,3.0,val
SYN_0424,1,glioma,868,6,38.0,22.2,3.6,8.7,0,3.0,test
SYN_0425,1,glioma,1277,7,28.4,32.6,4.1,9.2,1,3.0,test
SYN_0426,1,pituitary,430,5,32.8,37.7,4.0,6.8,0,3.0,train
SYN_0427,1,glioma,1177,6,26.9,27.4,2.6,9.2,1,3.0,train
SYN_0428,1,pituitary,544,6,31.1,40.5,3.5,6.7,0,3.0,train
SYN_0429,0,none,0,0,-1.0,-1.0,-1.0,0.0,0,3.0,train
SYN_0430,0,none,0,0,-1.0,-1.0,-1.0,0.0,1,1.5,train
SYN_0431,1,glioma,1438,6,27.1,25.4,5.0,9.6,0,1.5,train
SYN_0432,0,none,0,0,-1.0,-1.0,-1.0,0.0,1,3.0,train
SYN_0433,0,none,0,0,-1.0,-1.0,-1.0,0.0,0,1.5,train
SYN_0434,1,meningioma,643,6,47.3,37.4,5.0,7.0,0,3.0,test
SYN_0435,0,none,0,0,-1.0,-1.0,-1.0,0.0,0,1.5,train
SYN_0436,1,glioma,857,6,35.5,33.5,2.2,7.9,0,3.0,train
SYN_0437,1,meningioma,746,5,22.2,49.3,3.0,8.6,0,3.0,train
SYN_0438,0,none,0,0,-1.0,-1.0,-1.0,0.0,0,1.5,val
SYN_0439,1,pituitary,252,5,30.3,40.4,4.1,5.0,1,3.0,train
SYN_0440,0,none,0,0,-1.0,-1.0,-1.0,0.0,1,3.0,train
SYN_0441,0,none,0,0,-1.0,-1.0,-1.0,0.0,0,1.5,train
SYN_0442,0,none,0,0,-1.0,-1.0,-1.0,0.0,0,1.5,train
SYN_0443,1,pituitary,265,5,31.2,38.6,2.6,4.8,1,3.0,val
SYN_0444,1,meningioma,652,5,44.8,20.3,3.1,8.3,0,1.5,train
SYN_0445,0,none,0,0,-1.0,-1.0,-1.0,0.0,1,1.5,train
SYN_0446,1,glioma,567,6,31.5,25.9,4.4,6.4,0,3.0,test
SYN_0447,0,none,0,0,-1.0,-1.0,-1.0,0.0,1,1.5,test
SYN_0448,1,meningioma,685,6,34.8,50.9,3.9,7.4,0,3.0,train
SYN_0449,0,none,0,0,-1.0,-1.0,-1.0,0.0,1,1.5,train
SYN_0450,1,glioma,504,6,28.9,30.8,2.9,6.5,1,3.0,val
SYN_0451,0,none,0,0,-1.0,-1.0,-1.0,0.0,1,1.5,val
SYN_0452,0,none,0,0,-1.0,-1.0,-1.0,0.0,1,1.5,test
SYN_0453,1,glioma,1530,5,28.8,27.0,3.8,11.5,0,3.0,test
SYN_0454,0,none,0,0,-1.0,-1.0,-1.0,0.0,0,1.5,test
SYN_0455,0,none,0,0,-1.0,-1.0,-1.0,0.0,0,3.0,val
SYN_0456,1,meningioma,444,7,18.2,22.6,2.7,5.4,1,1.5,train
SYN_0457,1,meningioma,408,5,46.2,39.8,4.3,6.2,1,1.5,train
SYN_0458,1,glioma,550,4,24.9,22.3,3.5,7.3,0,1.5,val
SYN_0459,0,none,0,0,-1.0,-1.0,-1.0,0.0,0,3.0,train
SYN_0460,0,none,0,0,-1.0,-1.0,-1.0,0.0,1,3.0,test
SYN_0461,1,glioma,380,5,35.6,43.3,4.1,6.2,1,3.0,train
SYN_0462,0,none,0,0,-1.0,-1.0,-1.0,0.0,1,1.5,train
SYN_0463,1,glioma,1159,5,37.0,35.1,4.4,10.2,0,1.5,train
SYN_0464,1,glioma,687,6,19.7,32.4,4.3,7.3,0,1.5,train
SYN_0465,0,none,0,0,-1.0,-1.0,-1.0,0.0,0,3.0,train
SYN_0466,1,glioma,524,5,30.2,20.1,3.0,6.5,1,3.0,test
SYN_0467,1,pituitary,590,5,31.1,38.5,2.9,7.0,0,1.5,train
SYN_0468,0,none,0,0,-1.0,-1.0,-1.0,0.0,0,1.5,val
SYN_0469,0,none,0,0,-1.0,-1.0,-1.0,0.0,1,3.0,val
SYN_0470,0,none,0,0,-1.0,-1.0,-1.0,0.0,1,1.5,train
SYN_0471,1,glioma,1252,5,32.7,36.4,2.8,11.5,0,1.5,train
SYN_0472,0,none,0,0,-1.0,-1.0,-1.0,0.0,1,1.5,train
SYN_0473,1,pituitary,313,5,31.2,38.7,4.0,5.7,1,1.5,train
SYN_0474,1,pituitary,364,5,33.1,40.0,2.3,5.8,0,3.0,test
SYN_0475,1,pituitary,618,6,31.6,38.7,2.4,6.7,0,3.0,train
SYN_0476,1,meningioma,624,6,17.9,22.1,3.3,7.6,1,3.0,train
SYN_0477,1,pituitary,229,5,33.7,39.9,4.5,4.7,0,1.5,train
SYN_0478,1,meningioma,525,5,41.1,16.3,2.7,7.3,0,1.5,train
SYN_0479,0,none,0,0,-1.0,-1.0,-1.0,0.0,0,1.5,train
SYN_0480,1,glioma,453,5,37.2,21.0,2.8,6.6,0,1.5,train
SYN_0481,0,none,0,0,-1.0,-1.0,-1.0,0.0,1,3.0,train
SYN_0482,1,glioma,547,7,27.2,24.8,3.1,6.3,0,1.5,train
SYN_0483,0,none,0,0,-1.0,-1.0,-1.0,0.0,1,1.5,val
SYN_0484,1,pituitary,271,5,31.3,37.4,3.2,5.0,1,3.0,test
SYN_0485,0,none,0,0,-1.0,-1.0,-1.0,0.0,1,1.5,val
SYN_0486,0,none,0,0,-1.0,-1.0,-1.0,0.0,0,3.0,test
SYN_0487,1,glioma,421,5,22.0,37.9,4.0,6.1,0,1.5,train
SYN_0488,1,glioma,1088,6,29.5,34.9,4.5,8.3,0,3.0,train
SYN_0489,0,none,0,0,-1.0,-1.0,-1.0,0.0,1,3.0,val
SYN_0490,0,none,0,0,-1.0,-1.0,-1.0,0.0,1,1.5,train
SYN_0491,0,none,0,0,-1.0,-1.0,-1.0,0.0,0,3.0,val
SYN_0492,1,glioma,1387,6,37.9,40.5,3.4,10.2,1,3.0,train
SYN_0493,1,glioma,1291,7,33.8,39.8,3.2,9.4,1,3.0,test
SYN_0494,1,pituitary,352,5,32.0,40.4,3.9,5.5,0,1.5,test
SYN_0495,1,glioma,1560,5,24.6,42.7,3.9,11.3,1,3.0,train
SYN_0496,1,glioma,676,6,38.6,40.8,4.1,7.6,0,3.0,train
SYN_0497,0,none,0,0,-1.0,-1.0,-1.0,0.0,1,3.0,train
SYN_0498,0,none,0,0,-1.0,-1.0,-1.0,0.0,1,3.0,train
SYN_0499,1,meningioma,649,4,31.0,13.1,3.4,8.1,0,1.5,train
